﻿{
    "records": [
        {
            "ROUTE_NAME": "home",						
			"ROUTE_URL": "/",
            "ROUTE_PAGEURL": "pages/home.html"
        },
		{
            "ROUTE_NAME": "spendhome",
			"ROUTE_URL": "/spendhome",
            "ROUTE_PAGEURL": "https://vsv.ebiz.verizon.com/pages/home.html",
			"ROUTE_EXTERNAL" : "Y"			
        },
        {
            "ROUTE_NAME": "ntsummary",
			"ROUTE_URL": "/ntsummary",
            "ROUTE_PAGEURL": "https://fcipqliktest.ebiz.verizon.com/extensions/apptest/apptest.html",
            "ROUTE_CONTROLLER": "iframeController",
			"ROUTE_TYPE" : "iframe",
			"ROUTE_BREADCRUM" : "Network Transformation Summary"			
        },
        {
            "ROUTE_NAME": "dashboardlist",
            "ROUTE_URL": "/dashboardList/:menu/:project/:sitename",
			"ROUTE_PAGEURL":"pages/dashboardList.html"
        },
        {
            "ROUTE_NAME": "tableauView",
            "ROUTE_URL": "/tableau/:menu/:site/:viewname",
            "ROUTE_PAGEURL":"pages/tableau.html",
			"ROUTE_CONTROLLER":"tableauController"
        }
    ]
}